overall_rank,ticker,company,sector,period_ending,composite_score,pe_ratio,revenue_growth_pct,roe_pct,debt_to_equity,margin_change_pts,warning_flag
1,FB,Facebook,Information Technology,2016-12-31,0.869,,54.2,17.2,0.0,16.4,
2,GILD,Gilead Sciences,Health Care,2015-12-31,0.827,8.2,31.1,97.7,1.2,6.86,
3,REGN,Regeneron,Health Care,2016-12-31,0.826,,18.4,20.1,0.11,2.93,
4,LVLT,Level 3 Communications,Telecommunications Services,2015-12-31,0.822,5.6,21.4,33.9,1.09,37.08,
5,ADBE,Adobe Systems Inc,Information Technology,2016-12-02,0.811,,22.1,15.7,0.26,6.84,
6,ALK,Alaska Air Group Inc,Industrials,2015-12-31,0.804,12.2,4.3,35.2,0.28,3.88,
7,ULTA,Ulta Salon Cosmetics & Fragrance Inc,Consumer Discretionary,2016-01-31,0.786,,21.1,22.2,0.0,0.22,
8,XL,XL Capital,Financials,2015-12-31,0.78,9.3,41.0,10.3,0.51,10.05,
9,SWKS,Skyworks Solutions,Information Technology,2016-09-30,0.775,14.4,0.9,28.1,0.0,5.76,
10,CTAS,Cintas Corporation,Industrials,2016-05-31,0.77,15.0,9.6,37.6,0.71,4.52,
11,GLW,Corning Inc.,Information Technology,2016-12-31,0.769,,3.1,20.7,0.22,24.65,
12,EBAY,eBay Inc.,Information Technology,2016-12-31,0.764,,4.5,68.9,0.85,60.85,
13,ISRG,Intuitive Surgical Inc.,Health Care,2016-12-31,0.763,,13.4,12.7,0.0,2.52,
14,BCR,Bard (C.R.) Inc.,Health Care,2016-12-31,0.743,,8.7,31.7,0.98,10.34,
15,SYMC,Symantec Corp.,Information Technology,2016-04-01,0.734,5.0,-9.0,67.7,0.6,46.92,
16,KORS,Michael Kors Holdings,Consumer Discretionary,2016-04-02,0.734,12.7,7.8,42.0,0.0,-2.35,WARNING
17,AMAT,Applied Materials Inc,Information Technology,2016-10-30,0.727,18.4,12.1,23.8,0.46,1.64,
18,KIM,Kimco Realty,Real Estate,2015-12-31,0.726,13.2,17.4,17.7,1.07,33.97,
19,CERN,Cerner,Health Care,2016-12-31,0.725,,8.4,16.2,0.14,1.08,
20,FSLR,First Solar Inc,Information Technology,2015-12-31,0.723,12.2,5.5,9.8,0.05,3.59,
21,PAYX,Paychex Inc.,Information Technology,2016-05-31,0.722,25.8,7.7,39.6,0.0,1.0,
22,TAP,Molson Coors Brewing Company,Consumer Staples,2016-12-31,0.721,,36.9,17.3,1.06,30.37,
23,CTXS,Citrix Systems,Information Technology,2016-12-31,0.714,,4.4,20.6,0.52,5.93,
24,PRU,Prudential Financial,Financials,2015-12-31,0.713,6.6,5.6,13.5,0.8,7.33,
25,ROST,Ross Stores,Consumer Discretionary,2016-01-30,0.703,22.2,8.1,41.3,0.16,0.17,
26,EA,Electronic Arts,Information Technology,2016-03-31,0.703,17.7,-2.6,34.0,0.34,6.92,
27,ABT,Abbott Laboratories,Health Care,2015-12-31,0.702,15.3,0.8,20.9,0.42,10.4,
28,JNPR,Juniper Networks,Information Technology,2015-12-31,0.702,17.0,5.0,13.9,0.43,20.27,
29,AMZN,Amazon.com Inc,Consumer Discretionary,2016-12-31,0.702,,27.1,12.3,0.4,1.19,
30,LRCX,Lam Research,Information Technology,2016-06-26,0.698,14.3,11.9,15.5,0.74,3.06,
31,DFS,Discover Financial Services,Financials,2015-12-31,0.696,10.4,4.1,20.4,0.0,-1.2,
32,UAL,United Continental Holdings,Industrials,2015-12-31,0.696,2.9,-2.7,81.9,1.33,16.48,
33,ALXN,Alexion Pharmaceuticals,Health Care,2016-12-31,0.695,,18.4,4.6,0.38,7.41,
34,INTU,Intuit Inc.,Information Technology,2016-07-31,0.692,29.8,12.0,84.3,0.86,12.15,
35,EXPD,Expeditors Int'l,Industrials,2015-12-31,0.692,18.6,0.8,27.0,0.0,1.17,
36,MNST,Monster Beverage,Consumer Staples,2015-12-31,0.691,,10.5,11.4,0.0,0.48,
37,DIS,The Walt Disney Company,Consumer Discretionary,2016-10-01,0.69,16.1,6.0,21.7,0.47,0.9,
38,CRM,Salesforce.com,Information Technology,2016-01-31,0.687,,24.1,-0.9,0.26,4.18,
39,RHI,Robert Half International,Industrials,2016-12-31,0.686,,3.1,31.6,0.0,-0.48,
40,MDLZ,Mondelez International,Consumer Staples,2015-12-31,0.686,10.0,-13.5,25.9,0.55,18.14,
41,NKE,Nike,Consumer Discretionary,2016-05-31,0.684,25.0,5.8,30.7,0.17,0.92,
42,SNA,Snap-On Inc.,Consumer Discretionary,2016-12-31,0.68,,3.3,20.9,0.39,1.4,
43,UNM,Unum Group,Financials,2015-12-31,0.679,9.5,2.0,10.0,0.41,4.26,
44,HBAN,Huntington Bancshares,Financials,2015-12-31,0.677,13.5,6.7,10.5,0.09,0.58,
45,DHI,D. R. Horton,Consumer Discretionary,2016-09-30,0.676,12.6,12.3,13.0,0.48,0.35,
46,SPGI,"S&P Global, Inc.",Financials,2016-12-31,0.675,,6.5,324.0,5.48,15.44,
47,VZ,Verizon Communications,Telecommunications Services,2015-12-31,0.675,10.6,3.6,108.8,6.71,6.01,
48,ABC,AmerisourceBergen Corp,Health Care,2016-09-30,0.673,12.0,8.0,67.1,2.1,1.07,
49,ABBV,AbbVie,Health Care,2015-12-31,0.671,18.8,14.5,130.4,8.03,13.62,
50,TJX,TJX Companies Inc.,Consumer Discretionary,2016-01-30,0.67,21.1,6.4,52.9,0.38,-0.26,
51,CCL,Carnival Corp.,Consumer Discretionary,2016-11-30,0.669,,4.3,12.3,0.42,5.78,
52,TGT,Target Corp.,Consumer Discretionary,2016-01-30,0.669,13.5,1.6,26.0,0.98,6.81,
53,LEG,Leggett & Platt,Industrials,2015-12-31,0.668,18.2,3.6,30.3,0.87,5.73,
54,LMT,Lockheed Martin Corp.,Industrials,2016-12-31,0.668,,16.6,350.9,9.45,2.33,
55,URBN,Urban Outfitters,Consumer Discretionary,2016-01-31,0.668,12.8,3.7,19.7,0.13,-0.48,WARNING
56,KLAC,KLA-Tencor Corp.,Information Technology,2016-06-30,0.667,16.2,6.1,102.2,4.44,10.59,
57,FL,Foot Locker Inc,Consumer Discretionary,2016-01-30,0.667,17.4,3.6,21.2,0.05,0.03,
58,FLIR,FLIR Systems,Information Technology,2015-12-31,0.665,16.2,1.7,14.7,0.22,2.44,
59,GRMN,Garmin Ltd.,Consumer Discretionary,2015-12-26,0.664,15.5,-1.8,13.6,0.0,3.49,
60,FMC,FMC Corporation,Materials,2015-12-31,0.662,10.7,0.5,26.2,1.15,5.49,
61,TSCO,Tractor Supply Company,Consumer Discretionary,2015-12-26,0.662,28.3,9.0,29.5,0.12,0.1,
62,CSCO,Cisco Systems,Information Technology,2016-07-30,0.661,14.3,0.2,16.9,0.45,3.54,
63,CINF,Cincinnati Financial,Financials,2015-12-31,0.653,15.3,4.0,9.9,0.13,1.71,
64,BBBY,Bed Bath & Beyond,Consumer Discretionary,2016-02-27,0.651,9.5,1.9,32.9,0.59,-1.11,WARNING
65,PGR,Progressive Corp.,Financials,2015-12-31,0.646,14.7,7.5,17.4,0.37,-0.53,WARNING
66,HIG,Hartford Financial Svc.Gp.,Financials,2015-12-31,0.645,10.7,-1.3,9.5,0.32,4.87,
67,LUV,Southwest Airlines,Industrials,2016-12-31,0.645,,3.1,26.6,0.4,-0.02,
68,DHR,Danaher Corp.,Industrials,2015-12-31,0.645,19.3,7.4,14.2,0.54,2.76,
69,BIIB,BIOGEN IDEC Inc.,Health Care,2016-12-31,0.645,,6.4,30.5,0.54,-0.61,
70,AAL,American Airlines Group,Industrials,2015-12-31,0.645,3.7,-3.9,135.0,3.65,11.81,
71,ORLY,O'Reilly Automotive,Consumer Discretionary,2015-12-31,0.645,27.2,10.4,47.5,0.71,0.9,
72,SIG,Signet Jewelers,Consumer Discretionary,2016-01-30,0.643,19.7,14.2,15.3,0.45,0.5,
73,ALLE,Allegion,Industrials,2016-12-31,0.643,,8.2,202.2,12.92,2.8,
74,TXN,Texas Instruments,Information Technology,2015-12-31,0.641,19.2,-0.3,30.0,0.41,1.34,
75,VLO,Valero Energy,Energy,2015-12-31,0.637,8.8,-32.9,19.4,0.36,1.77,
76,UAA,Under Armour,Consumer Discretionary,2015-12-31,0.636,,28.5,13.9,0.4,-0.88,WARNING
77,FFIV,F5 Networks,Information Technology,2016-09-30,0.636,23.0,3.9,30.9,0.0,-0.67,
78,CAH,Cardinal Health Inc.,Health Care,2016-06-30,0.636,17.9,18.5,21.8,0.85,-0.01,
79,TSO,Tesoro Petroleum Co.,Energy,2015-12-31,0.635,8.4,-29.3,29.5,0.78,3.29,
80,CTSH,Cognizant Technology Solutions,Information Technology,2015-12-31,0.633,22.5,21.0,17.5,0.14,-0.95,
81,T,AT&T Inc,Telecommunications Services,2015-12-31,0.632,14.5,10.8,10.9,1.03,4.23,
82,MCK,McKesson Corp.,Health Care,2016-03-31,0.632,16.0,6.6,25.3,0.91,0.36,
83,FAST,Fastenal Co,Industrials,2016-12-31,0.63,,2.4,25.8,0.2,-0.74,
84,NTRS,Northern Trust Corp.,Financials,2015-12-31,0.629,17.9,7.6,11.2,0.57,2.06,
85,DG,Dollar General,Consumer Discretionary,2016-01-29,0.629,19.0,7.7,21.7,0.55,0.09,
86,VFC,V.F. Corp.,Consumer Discretionary,2016-01-02,0.629,21.5,0.8,22.9,0.35,1.42,
87,AMGN,Amgen Inc,Health Care,2016-12-31,0.628,,6.1,25.8,1.16,1.55,
88,UHS,"Universal Health Services, Inc.",Health Care,2015-12-31,0.626,17.3,10.2,16.0,0.81,0.88,
89,LYB,LyondellBasell,Materials,2015-12-31,0.624,9.0,-28.2,68.3,1.23,4.52,
90,SNI,Scripps Networks Interactive Inc.,Consumer Discretionary,2015-12-31,0.622,11.8,13.2,39.8,2.68,-0.35,WARNING
91,AYI,Acuity Brands Inc,Industrials,2016-08-31,0.622,41.2,21.6,17.5,0.21,0.63,
92,FBHS,Fortune Brands Home & Security,Industrials,2015-12-31,0.621,28.2,14.1,12.9,0.48,2.94,
93,MKC,McCormick & Co.,Consumer Staples,2016-11-30,0.621,,2.7,29.0,0.89,1.36,
94,SYK,Stryker Corp.,Health Care,2016-12-31,0.62,,13.9,17.2,0.72,0.07,
95,AMG,Affiliated Managers Group Inc,Financials,2015-12-31,0.618,16.8,1.3,18.2,0.67,2.38,
96,VRTX,Vertex Pharmaceuticals Inc,Health Care,2015-12-31,0.617,,77.9,-59.2,0.88,73.36,
97,CI,CIGNA Corp.,Health Care,2015-12-31,0.617,17.9,8.5,17.4,0.44,-0.49,
98,CELG,Celgene Corp.,Health Care,2016-12-31,0.616,,21.3,30.3,2.17,0.5,
99,MA,Mastercard Inc.,Information Technology,2016-12-31,0.616,,11.5,71.8,0.92,-1.72,WARNING
100,QCOM,QUALCOMM Inc.,Information Technology,2016-09-25,0.616,16.3,-6.8,18.0,0.37,3.37,
101,GD,General Dynamics,Industrials,2016-12-31,0.615,,-0.4,26.9,0.35,0.0,
102,ZTS,Zoetis,Health Care,2016-12-31,0.615,,2.6,55.2,3.05,9.68,
103,PCAR,PACCAR Inc.,Industrials,2015-12-31,0.612,10.5,0.7,23.1,1.24,1.26,
104,STI,SunTrust Banks,Financials,2015-12-31,0.612,11.8,-2.0,8.2,0.25,2.28,
105,CHTR,Charter Communications,Consumer Discretionary,2016-12-31,0.609,,197.3,8.8,1.54,14.92,
106,WYN,Wyndham Worldwide,Consumer Discretionary,2015-12-31,0.608,14.0,4.8,64.4,5.48,1.04,
107,ILMN,Illumina Inc,Health Care,2017-01-01,0.608,,8.0,21.1,0.48,-1.5,
108,GPC,Genuine Parts,Consumer Discretionary,2015-12-31,0.607,18.5,-0.4,22.4,0.2,-0.02,
109,AMP,Ameriprise Financial,Financials,2015-12-31,0.606,12.4,-0.8,21.6,0.43,-0.36,WARNING
110,SJM,JM Smucker,Consumer Staples,2016-04-30,0.605,22.0,37.2,9.8,0.77,2.76,
111,ALB,Albemarle Corp,Materials,2015-12-31,0.605,18.6,49.3,10.3,1.18,3.72,
112,PSX,Phillips 66,Energy,2015-12-31,0.604,10.5,-38.6,18.3,0.38,1.32,
113,HCP,HCP Inc.,Real Estate,2016-12-31,0.604,,11.6,11.3,1.66,61.35,
114,CNC,Centene Corporation,Health Care,2015-12-31,0.603,22.0,37.4,16.5,0.66,-0.08,WARNING
115,LKQ,LKQ Corporation,Consumer Discretionary,2015-12-31,0.602,,6.7,13.6,0.51,0.22,
116,HAR,Harman Int'l Industries,Consumer Discretionary,2016-06-30,0.602,,12.3,14.7,0.57,-0.33,WARNING
117,BBY,Best Buy Co. Inc.,Consumer Discretionary,2016-01-30,0.6,10.8,-2.0,20.5,0.4,-0.79,WARNING
118,COL,Rockwell Collins,Industrials,2016-09-30,0.6,15.1,0.3,35.0,1.02,0.76,
119,PFG,Principal Financial Group,Financials,2016-12-31,0.599,,3.6,12.9,0.32,0.31,
120,NBL,Noble Energy Inc,Energy,2016-12-31,0.599,,9.7,-10.7,0.75,48.1,
121,CHRW,C. H. Robinson Worldwide,Industrials,2015-12-31,0.596,17.6,0.0,44.3,0.83,0.44,
122,UNH,United Health Group Inc.,Health Care,2016-12-31,0.596,,17.7,18.3,1.05,0.1,
123,STZ,Constellation Brands,Consumer Staples,2016-02-29,0.595,,8.6,16.1,1.23,2.19,
124,VRSK,Verisk Analytics,Industrials,2015-12-31,0.595,25.0,18.4,37.0,2.31,1.64,
125,DGX,Quest Diagnostics,Health Care,2015-12-31,0.595,14.5,0.8,15.1,0.78,1.98,
126,EFX,Equifax Inc.,Industrials,2015-12-31,0.594,30.9,9.3,18.6,0.52,1.03,
127,SYF,Synchrony Financial,Financials,2015-12-31,0.594,11.4,7.0,17.6,1.08,-0.32,
128,HBI,Hanesbrands Inc,Consumer Discretionary,2016-12-31,0.592,,5.2,44.1,3.02,1.47,
129,WM,Waste Management Inc.,Industrials,2016-12-31,0.591,,5.0,22.3,1.76,2.88,
130,CCI,Crown Castle International Corp.,Real Estate,2015-12-31,0.591,19.5,3.5,21.5,1.73,30.48,
131,LEN,Lennar Corp.,Consumer Discretionary,2016-11-30,0.59,,15.6,13.0,0.65,-0.15,
132,MMC,Marsh & McLennan,Financials,2015-12-31,0.59,18.4,-0.4,24.6,0.68,1.09,
133,MTD,Mettler Toledo,Health Care,2016-12-31,0.587,,4.7,88.4,2.06,0.6,
134,JBHT,J. B. Hunt Transport Services,Industrials,2015-12-31,0.586,19.9,0.4,32.9,0.77,0.83,
135,SBUX,Starbucks Corp.,Consumer Discretionary,2016-10-02,0.585,28.3,11.2,47.9,0.61,-1.17,WARNING
136,TEL,TE Connectivity Ltd.,Information Technology,2016-09-30,0.584,11.7,0.0,23.7,0.48,-3.37,WARNING
137,PBI,Pitney-Bowes,Industrials,2015-12-31,0.584,10.1,-6.4,228.3,16.61,2.67,
138,MLM,Martin Marietta Materials,Materials,2015-12-31,0.583,31.7,19.7,7.1,0.39,2.9,
139,PVH,PVH Corp.,Consumer Discretionary,2016-01-31,0.583,10.6,-2.7,12.6,0.71,1.81,
140,DD,Du Pont (E.I.),Materials,2016-12-31,0.582,,-2.1,25.1,0.85,2.45,
141,TMK,Torchmark Corp.,Financials,2015-12-31,0.582,13.6,4.0,13.0,0.43,-1.0,WARNING
142,PHM,Pulte Homes Inc.,Consumer Discretionary,2016-12-31,0.581,,28.2,12.9,0.74,-0.4,WARNING
143,HRL,Hormel Foods Corp.,Consumer Staples,2016-10-30,0.579,83.1,2.8,20.0,0.06,1.94,
144,IBM,International Business Machines,Information Technology,2015-12-31,0.578,10.2,-11.9,92.5,2.8,3.18,
145,WFM,Whole Foods Market,Consumer Staples,2016-09-25,0.577,18.4,2.2,15.7,0.33,-0.26,WARNING
146,PWR,Quanta Services Inc.,Industrials,2015-12-31,0.576,12.7,-2.3,10.4,0.16,0.18,
147,HAS,Hasbro Inc.,Consumer Discretionary,2015-12-27,0.576,18.7,4.0,27.2,1.03,0.44,
148,CME,CME Group Inc.,Financials,2015-12-31,0.575,24.4,7.2,6.1,0.11,1.2,
149,UPS,United Parcel Service,Industrials,2015-12-31,0.573,17.9,0.2,196.1,6.09,3.09,
150,MAA,Mid-America Apartments,Real Estate,2015-12-31,0.572,20.6,5.1,11.7,1.15,17.89,
151,ANTM,Anthem Inc.,Health Care,2015-12-31,0.572,14.3,7.2,11.1,0.71,-0.24,WARNING
152,APH,Amphenol Corp,Information Technology,2015-12-31,0.569,21.1,4.2,23.6,0.87,0.45,
153,EMN,Eastman Chemical,Materials,2015-12-31,0.569,11.8,1.3,21.5,1.79,0.91,
154,MPC,Marathon Petroleum,Energy,2015-12-31,0.567,9.8,-26.3,21.5,0.9,1.38,
155,GPS,Gap (The),Consumer Discretionary,2016-01-30,0.567,11.0,-3.9,36.1,0.68,-1.85,WARNING
156,VAR,Varian Medical Systems,Health Care,2016-09-30,0.566,23.6,3.8,23.1,0.38,-0.78,WARNING
157,LLTC,Linear Technology Corp.,Information Technology,2016-07-03,0.566,22.9,-3.5,28.1,0.0,-0.6,
158,PEG,Public Serv. Enterprise Inc.,Utilities,2015-12-31,0.565,11.7,-4.3,12.9,0.77,2.18,
159,COO,The Cooper Companies,Health Care,2016-10-31,0.565,31.2,9.4,10.1,0.49,2.6,
160,AIZ,Assurant Inc,Financials,2016-12-31,0.565,,-27.1,13.8,0.31,6.14,
161,HPE,Hewlett Packard Enterprise,Information Technology,2016-10-31,0.564,12.2,-3.8,10.1,0.51,1.58,
162,INTC,Intel Corp.,Information Technology,2016-12-31,0.563,,7.3,15.6,0.38,-3.26,WARNING
163,STT,State Street Corp.,Financials,2016-12-31,0.563,,-1.2,10.1,0.28,1.75,
164,PCLN,Priceline.com Inc,Consumer Discretionary,2015-12-31,0.562,25.5,9.3,29.0,0.7,-1.03,WARNING
165,ETN,Eaton Corporation,Industrials,2015-12-31,0.562,12.2,-7.5,13.0,0.56,1.54,
166,SPG,Simon Property Group Inc,Real Estate,2015-12-31,0.562,33.1,8.1,47.8,5.03,6.72,
167,WAT,Waters Corporation,Health Care,2015-12-31,0.562,23.6,2.7,22.8,0.81,1.27,
168,MMM,3M Company,Industrials,2016-12-31,0.562,,-0.5,49.0,1.13,0.81,
169,CMI,Cummins Inc.,Industrials,2016-12-31,0.56,,-8.4,20.3,0.27,0.64,
170,COF,Capital One Financial,Financials,2015-12-31,0.56,10.1,4.9,8.6,0.45,-2.38,WARNING
171,TSS,Total System Services,Information Technology,2015-12-31,0.559,25.2,13.6,20.0,0.78,-0.19,
172,FRT,Federal Realty Investment Trust,Real Estate,2016-12-31,0.558,,7.7,12.6,1.42,2.92,
173,SWK,Stanley Black & Decker,Consumer Discretionary,2016-12-31,0.558,,2.1,15.2,0.6,0.55,
174,MTB,M&T Bank Corp.,Financials,2015-12-31,0.558,16.8,5.5,6.7,0.13,-0.9,WARNING
175,NAVI,Navient,Financials,2015-12-31,0.558,4.3,-7.8,25.1,0.65,-1.2,WARNING
176,DAL,Delta Air Lines,Industrials,2016-12-31,0.556,,-2.6,35.6,0.65,-0.09,
177,ALL,Allstate Corp,Financials,2015-12-31,0.555,12.1,1.2,10.8,0.26,-2.0,WARNING
178,GWW,Grainger (W.W.) Inc.,Industrials,2015-12-31,0.554,17.3,0.1,33.9,0.88,-0.34,WARNING
179,WFC,Wells Fargo,Financials,2015-12-31,0.551,13.0,1.9,11.9,0.51,-0.66,WARNING
180,BBT,BB&T Corporation,Financials,2015-12-31,0.551,14.6,3.5,7.6,0.13,-1.17,
181,DISCA,Discovery Communications-A,Consumer Discretionary,2016-12-31,0.551,,1.6,23.1,1.53,2.21,
182,SCHW,Charles Schwab Corporation,Financials,2015-12-31,0.551,31.7,5.3,10.8,0.22,0.87,
183,DPS,Dr Pepper Snapple Group,Consumer Staples,2016-12-31,0.551,,2.5,39.7,2.1,0.99,
184,WU,Western Union Co,Information Technology,2015-12-31,0.55,11.0,-2.2,59.6,2.3,0.08,
185,JWN,Nordstrom,Consumer Discretionary,2016-01-30,0.55,15.2,6.9,68.9,3.22,-1.17,WARNING
186,EL,Estee Lauder Cos.,Consumer Staples,2016-06-30,0.55,30.2,4.5,31.2,0.63,-0.2,WARNING
187,WMT,Wal-Mart Stores,Consumer Staples,2016-01-31,0.547,14.5,-0.7,18.2,0.62,-0.32,WARNING
188,HON,Honeywell Int'l Inc.,Industrials,2016-12-31,0.546,,1.9,24.8,0.81,-0.12,WARNING
189,V,Visa Inc.,Information Technology,2016-09-30,0.546,,8.7,18.2,0.55,-5.87,WARNING
190,DLPH,Delphi Automotive,Consumer Discretionary,2016-12-31,0.546,,9.9,52.4,1.65,-2.02,
191,SHW,Sherwin-Williams,Materials,2015-12-31,0.545,22.8,1.9,121.4,2.26,1.51,
192,AFL,AFLAC Inc,Financials,2015-12-31,0.544,10.2,-8.2,14.3,0.34,-0.85,
193,ITW,Illinois Tool Works,Industrials,2016-12-31,0.544,,1.4,47.8,1.84,0.8,
194,UDR,UDR Inc,Real Estate,2015-12-31,0.542,28.9,9.4,11.7,1.24,19.18,
195,HSIC,Henry Schein,Health Care,2015-12-26,0.541,27.2,2.5,16.6,0.28,0.01,
196,CVS,CVS Health,Consumer Staples,2016-12-31,0.54,,15.8,14.4,1.0,-0.42,WARNING
197,HD,Home Depot,Consumer Discretionary,2016-01-31,0.538,22.9,6.4,111.0,3.37,0.29,
198,TIF,Tiffany & Co.,Consumer Discretionary,2016-01-31,0.538,17.7,-3.4,15.9,0.38,-0.09,
199,SPLS,Staples Inc.,Consumer Discretionary,2016-01-30,0.538,15.1,-6.4,7.0,0.19,1.2,
200,ADI,"Analog Devices, Inc.",Information Technology,2016-10-29,0.537,66.2,-0.4,16.7,0.34,4.9,
201,AXP,American Express Co,Financials,2015-12-31,0.537,,-4.1,25.0,0.23,-1.4,WARNING
202,IFF,Intl Flavors & Fragrances,Materials,2015-12-31,0.536,23.1,-2.1,26.4,0.59,0.45,
203,CBG,CBRE Group,Real Estate,2015-12-31,0.536,21.1,20.0,20.2,1.63,-0.31,WARNING
204,GT,Goodyear Tire & Rubber,Consumer Discretionary,2016-12-31,0.534,,-7.8,28.0,1.22,6.47,
205,HCN,Welltower Inc.,Real Estate,2015-12-31,0.533,28.9,14.2,5.8,0.89,7.28,
206,MSFT,Microsoft Corp.,Information Technology,2016-06-30,0.532,24.1,-8.8,23.3,0.75,6.66,
207,SCG,SCANA Corp,Utilities,2015-12-31,0.528,11.6,-11.5,13.7,1.21,6.17,
208,AAPL,Apple Inc.,Information Technology,2016-09-24,0.528,13.5,-7.7,35.6,0.68,-1.66,WARNING
209,NVDA,Nvidia Corporation,Information Technology,2016-01-31,0.527,25.9,7.0,13.7,0.32,-1.22,WARNING
210,KMX,Carmax Inc,Consumer Discretionary,2016-02-29,0.527,15.1,6.2,21.5,3.67,-0.07,WARNING
211,PDCO,Patterson Companies,Health Care,2016-04-30,0.524,22.5,37.7,13.0,0.73,-2.23,WARNING
212,TXT,Textron Inc.,Industrials,2016-01-02,0.523,16.7,-3.3,14.0,0.73,0.87,
213,PEP,PepsiCo Inc.,Consumer Staples,2016-12-31,0.522,,-0.4,56.3,3.29,1.43,
214,SEE,Sealed Air,Materials,2016-12-31,0.521,,-3.6,79.8,7.15,3.97,
215,VTR,Ventas Inc,Real Estate,2016-12-31,0.521,,4.8,6.2,1.06,6.16,
216,CB,Chubb Limited,Financials,2015-12-31,0.52,13.4,-1.0,9.7,0.52,0.04,
217,FDX,FedEx Corporation,Industrials,2016-05-31,0.52,25.0,6.1,13.2,1.01,1.4,
218,TRV,The Travelers Companies Inc.,Financials,2016-12-31,0.519,,3.0,13.0,0.29,-1.91,WARNING
219,QRVO,Qorvo,Information Technology,2016-04-02,0.518,,52.6,-0.6,0.2,-12.58,WARNING
220,TGNA,"Tegna, Inc.",Consumer Discretionary,2015-12-31,0.517,12.5,16.2,21.0,1.92,-25.38,WARNING
221,COST,Costco Co.,Consumer Staples,2016-08-28,0.517,30.6,2.2,19.5,0.43,-0.07,
222,PNC,PNC Financial Services,Financials,2015-12-31,0.516,12.7,-0.1,9.2,0.49,-0.46,
223,OMC,Omnicom Group,Consumer Discretionary,2016-12-31,0.515,,1.9,53.1,2.29,0.22,
224,KR,Kroger Co.,Consumer Staples,2016-01-30,0.515,18.6,1.3,29.9,1.77,0.26,
225,AME,AMETEK Inc,Industrials,2015-12-31,0.514,21.8,-1.2,18.2,0.6,0.34,
226,PCG,PG&E Corp.,Utilities,2016-12-31,0.514,,4.9,7.8,1.03,2.69,
227,C,Citigroup Inc.,Financials,2015-12-31,0.513,9.6,-2.3,7.8,2.19,14.84,
228,DRI,Darden Restaurants,Consumer Discretionary,2016-05-29,0.513,23.0,2.5,19.2,0.23,-5.08,
229,TSN,Tyson Foods,Consumer Staples,2016-10-01,0.513,,-10.9,18.4,0.65,1.85,
230,CHD,Church & Dwight,Consumer Staples,2015-12-31,0.513,27.1,2.9,20.3,0.52,-0.46,WARNING
231,MO,Altria Group Inc,Consumer Staples,2015-12-31,0.508,21.8,3.7,182.0,4.49,-0.07,
232,ADM,Archer-Daniels-Midland Co,Consumer Staples,2015-12-31,0.508,12.3,-16.6,10.3,0.33,-0.04,WARNING
233,PKI,PerkinElmer,Health Care,2016-01-03,0.507,28.3,1.1,10.1,0.48,2.34,
234,CMA,Comerica Inc.,Financials,2016-12-31,0.507,,5.0,6.1,0.0,-2.37,WARNING
235,NEE,NextEra Energy,Utilities,2015-12-31,0.506,17.0,2.7,12.2,1.35,1.26,
236,GIS,General Mills,Consumer Staples,2016-05-29,0.505,22.2,-6.1,34.4,1.71,3.32,
237,AKAM,Akamai Technologies Inc,Information Technology,2015-12-31,0.505,29.2,11.9,10.3,0.2,-2.38,
238,TRIP,TripAdvisor,Consumer Discretionary,2015-12-31,0.504,61.8,19.7,14.0,0.14,-4.87,
239,IPG,Interpublic Group,Consumer Discretionary,2015-12-31,0.504,21.0,1.0,23.1,0.9,-0.36,WARNING
240,AAP,Advance Auto Parts,Consumer Discretionary,2016-01-02,0.503,23.3,-1.1,19.2,0.49,-0.15,
241,PNW,Pinnacle West Capital,Utilities,2015-12-31,0.503,16.4,0.1,9.5,0.85,1.12,
242,RHT,Red Hat Inc.,Information Technology,2016-02-29,0.502,60.0,14.7,14.9,0.54,-0.36,
243,ESS,"Essex Property Trust, Inc.",Real Estate,2015-12-31,0.5,68.4,23.0,3.7,0.86,6.85,
244,GM,General Motors,Consumer Discretionary,2016-12-31,0.499,,9.2,21.5,1.93,-0.69,WARNING
245,HOLX,Hologic,Health Care,2016-09-24,0.498,32.6,4.7,15.4,1.56,6.81,
246,NFLX,Netflix Inc.,Information Technology,2016-12-31,0.497,,30.3,7.0,1.26,0.3,
247,ROP,Roper Industries,Industrials,2015-12-31,0.496,27.4,0.9,13.1,0.62,1.23,
248,WHR,Whirlpool Corp.,Consumer Discretionary,2016-12-31,0.495,,-0.8,18.6,0.94,0.54,
249,XYL,Xylem Inc.,Industrials,2015-12-31,0.495,19.4,-6.7,16.3,0.61,0.7,
250,VNO,Vornado Realty Trust,Real Estate,2016-12-31,0.495,,0.2,13.1,1.54,5.8,
251,EW,Edwards Lifesciences,Health Care,2015-12-31,0.495,34.3,7.4,19.8,0.24,-15.07,
252,YUM,Yum! Brands Inc,Consumer Discretionary,2015-12-26,0.494,24.9,-1.3,141.9,4.37,1.95,
253,AVY,Avery Dennison Corp,Materials,2016-01-02,0.494,20.8,-5.7,28.4,1.1,0.73,
254,CFG,Citizens Financial Group,Financials,2015-12-31,0.492,16.9,-1.2,4.3,0.2,-0.27,
255,FLR,Fluor Corp.,Industrials,2016-12-31,0.492,,5.1,9.0,0.51,-0.8,WARNING
256,ATVI,Activision Blizzard,Information Technology,2015-12-31,0.492,32.0,5.8,11.1,0.51,0.18,
257,AON,Aon plc,Financials,2015-12-31,0.49,18.7,-3.0,22.7,1.03,0.26,
258,GGP,General Growth Properties Inc.,Real Estate,2015-12-31,0.489,,-5.2,16.6,1.74,30.92,
259,PYPL,PayPal,Information Technology,2016-12-31,0.488,,17.2,9.5,1.03,-0.36,WARNING
260,JPM,JPMorgan Chase & Co.,Financials,2015-12-31,0.487,10.9,-2.5,9.9,2.44,3.6,
261,CLX,The Clorox Company,Consumer Staples,2016-06-30,0.487,27.6,1.9,218.2,7.81,0.99,
262,LOW,Lowe's Cos.,Consumer Discretionary,2016-01-29,0.484,26.2,5.1,33.3,1.65,-0.49,WARNING
263,IP,International Paper,Materials,2015-12-31,0.483,16.8,-5.3,24.2,4.02,1.84,
264,ADS,Alliance Data Systems,Information Technology,2015-12-31,0.483,31.0,21.4,29.7,5.75,-0.28,WARNING
265,USB,U.S. Bancorp,Financials,2016-07-31,0.482,,-6.4,24.9,0.74,-0.18,
266,MYL,Mylan N.V.,Health Care,2015-12-31,0.481,,22.1,8.7,0.76,-3.05,
267,AEP,American Electric Power,Utilities,2015-12-31,0.481,,0.5,11.5,1.14,2.47,
268,BK,The Bank of New York Mellon Corp.,Financials,2015-12-31,0.481,15.1,-4.5,8.3,1.1,4.72,
269,KSS,Kohl's Corp.,Consumer Discretionary,2016-01-30,0.48,14.3,1.0,12.3,0.86,-1.05,WARNING
270,NSC,Norfolk Southern Corp.,Industrials,2016-12-31,0.478,,-5.9,13.4,0.82,2.07,
271,HOG,Harley-Davidson,Consumer Discretionary,2015-12-31,0.473,12.2,-3.7,40.9,3.75,-1.01,WARNING
272,DUK,Duke Energy,Utilities,2015-12-31,0.472,17.6,-1.9,7.1,1.09,4.13,
273,BDX,Becton Dickinson,Health Care,2016-09-30,0.472,39.2,21.4,12.8,1.51,1.06,
274,EQR,Equity Residential,Real Estate,2015-12-31,0.468,34.4,5.0,8.3,1.05,7.55,
275,AEE,Ameren Corp,Utilities,2015-12-31,0.466,16.6,0.7,9.2,1.09,0.65,
276,HRB,Block H&R,Financials,2016-04-30,0.465,13.5,-1.3,1620.0,65.05,-3.07,WARNING
277,ES,Eversource Energy,Utilities,2015-12-31,0.465,18.4,2.8,8.5,0.98,0.46,
278,KSU,Kansas City Southern,Industrials,2016-12-31,0.463,,-3.5,11.7,0.61,0.49,
279,NWSA,News Corp. Class A,Consumer Discretionary,2016-06-30,0.462,37.8,-2.7,1.5,0.03,3.88,
280,M,Macy's Inc.,Consumer Discretionary,2016-01-30,0.459,12.4,-3.7,25.2,1.8,-1.47,WARNING
281,SYY,Sysco Corp.,Consumer Staples,2016-07-02,0.458,30.6,3.5,27.3,2.14,0.47,
282,NDAQ,NASDAQ OMX Group,Financials,2015-12-31,0.458,22.7,-2.7,7.6,0.42,0.76,
283,AJG,Arthur J. Gallagher & Co.,Financials,2016-12-31,0.456,,3.8,11.5,1.59,0.79,
284,AN,AutoNation Inc,Consumer Discretionary,2016-12-31,0.456,,3.6,18.6,1.84,-0.13,WARNING
285,LLY,Lilly (Eli) & Co.,Health Care,2015-12-31,0.455,37.1,1.7,16.5,0.55,-0.12,WARNING
286,VIAB,Viacom Inc.,Consumer Discretionary,2016-09-30,0.453,10.5,-5.9,33.6,2.79,-2.97,
287,SO,Southern Co.,Utilities,2015-12-31,0.453,18.0,-5.3,11.0,1.31,2.84,
288,AWK,American Water Works Company Inc,Utilities,2015-12-31,0.452,22.5,4.9,9.4,1.37,1.02,
289,SRE,Sempra Energy,Utilities,2015-12-31,0.451,17.3,-7.3,11.4,1.26,2.67,
290,ROK,Rockwell Automation Inc.,Industrials,2016-09-30,0.451,21.8,-6.8,36.7,0.99,-0.71,WARNING
291,KO,Coca Cola Company,Consumer Staples,2015-12-31,0.451,25.4,-3.7,28.8,1.73,1.16,
292,EXPE,Expedia Inc.,Consumer Discretionary,2016-12-31,0.448,,31.5,6.8,0.76,-8.24,WARNING
293,MHK,Mohawk Industries,Consumer Discretionary,2015-12-31,0.446,73.1,3.4,12.7,0.66,0.81,
294,VMC,Vulcan Materials,Materials,2015-12-31,0.445,57.2,14.3,5.0,0.44,-0.38,
295,BA,Boeing Company,Industrials,2016-12-31,0.445,,-1.6,599.1,12.18,-0.21,WARNING
296,PX,Praxair Inc.,Materials,2015-12-31,0.444,19.0,-12.2,35.2,2.1,0.55,
297,PH,Parker-Hannifin,Industrials,2016-06-30,0.444,18.1,-10.6,17.6,0.66,-0.86,WARNING
298,WEC,Wec Energy Group Inc,Utilities,2015-12-31,0.443,21.7,18.6,7.4,1.19,-0.99,WARNING
299,WRK,WestRock Company,Materials,2016-09-30,0.443,,27.4,-4.0,0.6,-7.35,WARNING
300,YHOO,Yahoo Inc.,Information Technology,2015-12-31,0.441,,7.6,-15.0,0.04,-250.61,WARNING
301,RL,Polo Ralph Lauren Corp.,Consumer Discretionary,2016-04-02,0.44,20.9,-2.8,10.6,0.19,-3.86,WARNING
302,MET,MetLife Inc.,Financials,2015-12-31,0.44,10.5,-4.6,7.8,0.81,-1.01,WARNING
303,D,Dominion Resources,Utilities,2015-12-31,0.438,21.1,-6.1,15.0,2.31,5.72,
304,BXP,Boston Properties,Real Estate,2015-12-31,0.438,33.7,3.9,10.2,1.61,4.9,
305,PBCT,People's United Financial,Financials,2015-12-31,0.438,18.8,2.9,5.5,0.91,0.08,
306,DLR,Digital Realty Trust,Real Estate,2015-12-31,0.436,48.5,9.1,6.6,1.35,4.44,
307,BAC,Bank of America Corp,Financials,2015-12-31,0.435,,-2.2,6.2,1.2,12.0,
308,UTX,United Technologies,Industrials,2016-12-31,0.433,,2.0,18.3,0.87,-4.73,WARNING
309,TMO,Thermo Fisher Scientific,Health Care,2015-12-31,0.43,28.6,0.4,9.3,0.59,0.43,
310,UNP,Union Pacific,Industrials,2016-12-31,0.426,,-8.6,21.2,0.75,-0.65,WARNING
311,LH,Laboratory Corp. of America Holding,Health Care,2015-12-31,0.426,,44.4,8.8,1.3,-3.47,WARNING
312,EQIX,Equinix,Real Estate,2015-12-31,0.423,93.0,11.5,6.8,2.38,17.51,
313,FISV,Fiserv Inc,Information Technology,2015-12-31,0.422,30.1,3.7,26.8,1.61,-1.33,WARNING
314,XLNX,Xilinx Inc,Information Technology,2016-04-02,0.422,22.3,-6.9,21.3,0.61,-2.38,WARNING
315,IVZ,Invesco Ltd.,Financials,2015-12-31,0.422,14.8,-0.5,12.3,1.79,-0.3,WARNING
316,WLTW,Willis Towers Watson,Financials,2015-12-31,0.42,,0.7,16.7,1.91,0.22,
317,BWA,BorgWarner,Consumer Discretionary,2016-12-31,0.419,,13.1,3.7,0.69,-6.29,
318,CTL,CenturyLink Inc,Telecommunications Services,2015-12-31,0.418,15.9,-0.7,6.2,1.44,0.62,
319,MCD,McDonald's Corp.,Consumer Discretionary,2015-12-31,0.417,24.5,-7.4,63.9,3.4,0.48,
320,ETFC,E*Trade,Financials,2015-12-31,0.416,32.2,-15.7,4.6,0.08,1.5,
321,AVGO,Broadcom,Information Technology,2016-10-30,0.413,,94.0,-9.9,0.72,-34.04,
322,AVB,"AvalonBay Communities, Inc.",Real Estate,2015-12-31,0.413,33.2,10.1,7.5,0.67,-1.42,
323,LNT,Alliant Energy Corp,Utilities,2015-12-31,0.411,18.6,-2.9,9.9,1.02,0.2,
324,OKE,ONEOK,Energy,2015-12-31,0.41,21.1,-36.3,73.0,26.74,0.58,
325,HRS,Harris Corporation,Information Technology,2016-07-01,0.403,31.6,46.9,10.6,1.48,-2.23,
326,HUM,Humana Inc.,Health Care,2016-12-31,0.403,,0.2,5.7,0.43,-1.22,
327,PPG,PPG Industries,Materials,2016-12-31,0.402,,-0.1,18.2,0.92,-3.58,WARNING
328,EXR,Extra Space Storage,Real Estate,2015-12-31,0.39,55.8,20.9,18.9,1.64,-6.26,WARNING
329,HSY,The Hershey Company,Consumer Staples,2015-12-31,0.388,,-0.5,51.4,2.43,-4.47,WARNING
330,BMY,Bristol-Myers Squibb,Health Care,2015-12-31,0.387,73.2,4.3,11.0,0.47,-3.17,
331,XOM,Exxon Mobil Corp.,Energy,2015-12-31,0.383,20.2,-34.2,9.5,0.26,-2.03,WARNING
332,MAC,Macerich,Real Estate,2015-12-31,0.381,26.2,16.5,10.3,1.08,-97.78,WARNING
333,NWL,Newell Brands,Consumer Discretionary,2015-12-31,0.381,33.9,3.3,19.2,1.69,-0.68,WARNING
334,ZION,Zions Bancorp,Financials,2015-12-31,0.378,22.7,-6.4,4.1,0.05,-2.87,WARNING
335,CMS,CMS Energy,Utilities,2016-12-31,0.376,,-0.9,13.3,2.36,0.5,
336,EMR,Emerson Electric Company,Industrials,2016-09-30,0.373,21.5,-10.6,22.0,0.88,-5.36,WARNING
337,O,Realty Income Corporation,Real Estate,2015-12-31,0.371,47.4,9.6,4.3,0.74,-1.26,
338,FE,FirstEnergy Corp,Utilities,2015-12-31,0.37,23.2,-0.2,4.7,1.8,1.86,
339,CSRA,CSRA Inc.,Information Technology,2016-04-01,0.37,50.5,4.4,159.5,45.47,-4.11,WARNING
340,XEL,Xcel Energy Inc,Utilities,2015-12-31,0.368,18.5,-5.7,9.3,1.32,0.19,
341,ED,Consolidated Edison,Utilities,2016-12-31,0.366,,-3.8,8.7,1.11,0.81,
342,JEC,Jacobs Engineering Group,Industrials,2016-09-30,0.365,29.6,-9.5,4.9,0.09,-0.58,
343,RSG,Republic Services Inc,Industrials,2016-12-31,0.359,,3.0,8.0,1.0,-1.7,WARNING
344,MAT,Mattel Inc.,Consumer Discretionary,2015-12-31,0.358,25.2,-5.3,14.0,0.8,-1.8,WARNING
345,CPB,Campbell Soup,Consumer Staples,2016-07-31,0.358,34.2,-1.5,36.9,2.32,-1.17,
346,R,Ryder System,Industrials,2016-12-31,0.356,,3.3,12.8,2.63,-0.77,
347,APC,Anadarko Petroleum Corp,Energy,2016-12-31,0.356,,-9.5,-25.1,1.25,37.91,
348,SRCL,Stericycle Inc,Industrials,2015-12-31,0.354,39.9,16.8,9.8,1.18,-3.83,WARNING
349,MCHP,Microchip Technology,Information Technology,2016-03-31,0.35,30.3,1.2,15.1,1.15,-2.27,WARNING
350,CSX,CSX Corp.,Industrials,2016-12-30,0.35,,-6.3,14.7,0.97,-1.18,WARNING
351,CF,CF Industries Holdings Inc,Materials,2015-12-31,0.349,13.7,-9.2,16.5,1.39,-30.6,WARNING
352,DVN,Devon Energy Corp.,Energy,2016-12-31,0.348,,-7.2,-55.7,1.71,82.89,
353,KMI,Kinder Morgan,Energy,2016-12-31,0.348,,-9.3,2.1,1.16,3.67,
354,NEM,Newmont Mining Corp. (Hldg. Co.),Materials,2015-12-31,0.345,41.8,6.0,1.9,0.55,-4.12,
355,PFE,Pfizer Inc.,Health Care,2015-12-31,0.341,28.6,-1.5,10.8,0.66,-4.17,WARNING
356,NLSN,Nielsen Holdings,Industrials,2016-12-31,0.338,,2.2,12.2,1.93,-1.28,WARNING
357,DOV,Dover Corp.,Industrials,2016-12-31,0.332,,-2.3,13.4,0.95,-5.01,WARNING
358,LUK,Leucadia National Corp.,Financials,2015-12-31,0.331,23.5,-5.3,2.4,1.12,0.63,
359,K,Kellogg Co.,Consumer Staples,2016-01-02,0.328,41.5,-7.2,28.9,3.65,0.21,
360,BAX,Baxter International Inc.,Health Care,2015-12-31,0.326,21.4,-7.0,10.9,0.74,-13.58,
361,F,Ford Motor,Consumer Discretionary,2016-12-31,0.324,,1.5,15.8,4.9,-1.9,WARNING
362,ECL,Ecolab Inc.,Materials,2015-12-31,0.324,33.8,-5.1,14.5,0.94,-1.02,WARNING
363,FIS,Fidelity National Information Services,Information Technology,2015-12-31,0.323,27.3,2.8,7.0,1.29,-1.15,WARNING
364,EXC,Exelon Corp.,Utilities,2016-12-31,0.321,,6.5,4.4,1.4,-4.09,WARNING
365,XRAY,Dentsply Sirona,Health Care,2015-12-31,0.321,34.0,-8.5,10.7,0.49,-1.66,
366,CMG,Chipotle Mexican Grill,Consumer Discretionary,2016-12-31,0.32,,-13.3,1.6,0.0,-9.98,
367,GPN,Global Payments Inc,Information Technology,2016-05-31,0.319,37.9,4.5,9.9,1.78,-0.65,
368,DLTR,Dollar Tree,Consumer Discretionary,2016-01-30,0.316,64.0,80.2,6.4,1.67,-5.14,WARNING
369,BSX,Boston Scientific,Health Care,2015-12-31,0.313,,1.3,-3.8,0.9,-1.58,WARNING
370,RCL,Royal Caribbean Cruises Ltd,Consumer Discretionary,2015-12-31,0.309,33.4,2.8,8.3,1.16,-1.44,WARNING
371,HST,Host Hotels & Resorts,Real Estate,2015-12-31,0.307,69.7,0.6,7.9,0.57,-3.31,WARNING
372,AMT,American Tower Corp A,Real Estate,2015-12-31,0.298,68.3,16.4,10.3,2.57,-5.76,
373,ZBH,Zimmer Biomet Holdings,Health Care,2015-12-31,0.294,131.5,28.3,1.5,1.17,-12.96,WARNING
374,EIX,Edison Int'l,Utilities,2015-12-31,0.294,18.9,-14.1,9.8,1.07,-3.14,
375,FTR,Frontier Communications,Telecommunications Services,2015-12-31,0.293,,16.8,-3.5,2.83,-6.3,WARNING
376,AIV,Apartment Investment & Mgmt,Real Estate,2015-12-31,0.291,26.3,-0.3,15.3,2.39,-6.07,
377,KEY,KeyCorp,Financials,2016-09-30,0.285,,12.0,0.7,2.07,-20.89,
378,HP,Helmerich & Payne,Energy,2016-09-30,0.274,,-48.6,-1.2,0.11,-16.8,
379,MRK,Merck & Co.,Health Care,2015-12-31,0.273,33.4,-6.5,9.9,0.59,-16.98,WARNING
380,MOS,The Mosaic Company,Materials,2016-12-31,0.272,,-19.5,3.1,0.4,-7.09,
381,XRX,Xerox Corp.,Information Technology,2015-12-31,0.27,25.3,-7.7,5.2,0.81,-2.56,WARNING
382,MON,Monsanto Co.,Materials,2016-08-31,0.27,35.3,-10.0,29.5,2.02,-5.53,WARNING
383,DVA,DaVita Inc.,Health Care,2015-12-31,0.264,54.9,7.7,5.5,1.94,-3.69,WARNING
384,BLL,Ball Corp,Materials,2015-12-31,0.263,35.5,-6.7,22.4,4.1,-1.97,WARNING
385,NOV,National Oilwell Varco Inc.,Energy,2015-12-31,0.262,,-31.2,-4.7,0.24,-16.88,WARNING
386,AIG,"American International Group, Inc.",Financials,2015-12-31,0.259,36.7,-9.4,2.4,0.33,-7.92,WARNING
387,ARNC,Arconic Inc,Industrials,2015-12-31,0.259,,-5.7,-2.7,0.76,-2.55,WARNING
388,CVX,Chevron Corp.,Energy,2015-12-31,0.255,36.6,-35.2,3.0,0.25,-6.07,WARNING
389,NUE,Nucor Corp.,Materials,2015-12-31,0.254,36.3,-22.1,4.8,0.59,-1.21,WARNING
390,BHI,Baker Hughes Inc,Energy,2016-12-31,0.253,,-37.5,-21.6,0.24,-15.33,
391,SLG,SL Green Realty,Real Estate,2015-12-31,0.25,110.8,9.4,3.9,1.44,-17.0,WARNING
392,DE,Deere & Co.,Industrials,2016-10-31,0.249,97.0,-7.7,23.4,5.47,-1.0,WARNING
393,FLS,Flowserve Corporation,Industrials,2016-12-31,0.247,,-12.5,8.8,0.95,-2.23,
394,NTAP,NetApp,Information Technology,2016-04-29,0.245,30.3,-9.4,7.9,0.81,-5.02,WARNING
395,IRM,Iron Mountain Incorporated,Real Estate,2015-12-31,0.244,46.6,-3.5,24.2,9.52,-6.36,WARNING
396,EQT,EQT Corporation,Energy,2016-12-31,0.24,,-4.9,-7.7,0.61,-28.75,
397,WY,Weyerhaeuser Corp.,Real Estate,2015-12-31,0.239,33.7,-4.3,10.4,1.0,-17.52,WARNING
398,ADSK,Autodesk Inc,Information Technology,2016-01-31,0.233,,-0.3,-20.4,0.92,-16.45,WARNING
399,APD,Air Products & Chemicals Inc,Materials,2016-09-30,0.231,51.5,-3.7,8.9,0.88,-6.29,WARNING
400,HES,Hess Corporation,Energy,2015-12-31,0.229,,-38.2,-15.8,0.34,-67.63,WARNING
401,OXY,Occidental Petroleum,Energy,2015-12-31,0.227,,-35.4,-32.2,0.34,-65.99,WARNING
402,LLL,L-3 Communications Holdings,Industrials,2015-12-31,0.221,,-4.7,-5.5,0.84,-8.34,WARNING
403,MRO,Marathon Oil Corp.,Energy,2015-12-31,0.216,,-49.1,-11.9,0.39,-68.0,WARNING
404,STX,Seagate Technology,Information Technology,2016-07-01,0.208,29.0,-18.8,15.6,2.59,-10.46,WARNING
405,CAG,ConAgra Foods Inc.,Consumer Staples,2016-05-29,0.192,,-2.5,-18.2,1.49,-3.7,
406,EOG,EOG Resources,Energy,2015-12-31,0.186,,-51.4,-35.0,0.51,-67.83,WARNING
407,CXO,Concho Resources,Energy,2015-12-31,0.185,172.0,-32.2,0.9,0.48,-16.58,
408,PPL,PPL Corp.,Utilities,2015-12-31,0.181,33.8,-2.3,6.9,2.01,-13.23,WARNING
409,XEC,Cimarex Energy,Energy,2015-12-31,0.179,,-40.1,-86.1,0.53,-186.76,WARNING
410,MUR,Murphy Oil,Energy,2015-12-31,0.174,,-47.3,-42.8,0.58,-98.6,WARNING
411,PNR,Pentair Ltd.,Industrials,2015-12-31,0.173,,-8.4,-1.9,1.17,-4.24,WARNING
412,MU,Micron Technology,Information Technology,2016-09-01,0.172,,-23.4,-2.3,0.82,-20.13,WARNING
413,TDC,Teradata Corp.,Information Technology,2015-12-31,0.167,,-7.4,-25.2,0.92,-21.89,WARNING
414,ETR,Entergy Corp.,Utilities,2015-12-31,0.141,,-7.9,-1.7,1.5,-9.05,WARNING
415,COG,Cabot Oil & Gas,Energy,2015-12-31,0.141,,-37.5,-5.7,1.01,-13.2,WARNING
416,WDC,Western Digital,Information Technology,2016-07-01,0.13,46.0,-10.8,2.2,1.52,-8.19,WARNING
417,RRC,Range Resources Corp.,Energy,2015-12-31,0.12,,-42.1,-25.9,0.96,-91.45,WARNING
418,WMB,Williams Cos.,Energy,2015-12-31,0.103,,-3.6,-9.3,3.98,-35.44,WARNING
419,CAT,Caterpillar Inc.,Industrials,2016-12-31,0.098,,-18.0,-0.5,2.8,-5.52,WARNING
420,HAL,Halliburton Co.,Energy,2016-12-31,0.093,,-32.8,-61.2,1.32,-33.44,WARNING
421,SE,Spectra Energy Corp.,Energy,2015-12-31,0.09,82.6,-11.3,3.0,2.25,-14.58,WARNING
422,CNP,CenterPoint Energy,Utilities,2015-12-31,0.068,,-19.9,-20.0,2.68,-15.99,WARNING
423,NFX,Newfield Exploration Co,Energy,2015-12-31,0.058,,-31.9,-243.8,1.8,-255.26,WARNING
424,SWN,Southwestern Energy,Energy,2015-12-31,0.058,,-22.4,-199.6,2.07,-168.3,WARNING
425,FCX,Freeport-McMoran Cp & Gld,Materials,2015-12-31,0.047,,-25.9,-155.3,2.61,-73.99,WARNING
426,APA,Apache Corporation,Energy,2015-12-31,0.018,,-49.7,-916.9,3.42,-328.73,WARNING
427,CHK,Chesapeake Energy,Energy,2015-12-31,0.016,,-44.8,-686.9,5.04,-123.34,WARNING
